{"train_runtime":2218.2284,"_timestamp":1.7404906307752347e+09,"train/epoch":4.494845360824742,"total_flos":1.2657811075681485e+17,"train_samples_per_second":10.418,"_step":1,"train_loss":22.27185974121094,"train/loss":23.5493,"train/grad_norm":7.514330863952637,"_wandb":{"runtime":2298},"_runtime":2217.858468582,"train_steps_per_second":0.018,"train/global_step":40,"train/learning_rate":1.25e-05}